{
    "colors":[],
    "normals":[-0.0823644,-1.17476e-07,0.996602,-0.0823651,-1.19779e-07,0.996602,-0.0823651,-1.75062e-07,0.996602,-0.0823655,1.29915e-06,0.996602,-0.0823654,1.41662e-06,0.996602,-0.0823651,-1.19779e-07,0.996602,-0.0823644,-5.8738e-08,0.996602],
    "materials":[{
        "specularCoef":50,
        "wireframe":false,
        "DbgName":"Material.004",
        "depthWrite":true,
        "doubleSided":false,
        "visible":true,
        "colorDiffuse":[0,0,0],
        "shading":"phong",
        "colorEmissive":[0,0,0],
        "DbgColor":15658734,
        "colorSpecular":[0,0,0],
        "DbgIndex":0,
        "opacity":1,
        "depthTest":true,
        "blending":1,
        "vertexColors":false,
        "transparent":false
    }],
    "metadata":{
        "type":"Geometry",
        "normals":7,
        "materials":1,
        "faces":8,
        "colors":0,
        "vertices":20,
        "uvs":1,
        "generator":"io_three",
        "version":3
    },
    "faces":[43,0,14,16,8,0,0,1,2,3,0,0,0,0,43,1,15,18,11,0,4,5,6,7,1,1,1,1,43,1,11,16,14,0,4,7,2,1,2,2,2,2,43,2,6,18,15,0,8,9,6,5,3,3,3,3,43,3,13,19,12,0,10,11,12,13,4,4,4,4,43,4,9,19,13,0,14,15,12,11,5,5,5,5,43,4,10,17,9,0,14,16,17,15,5,5,5,5,43,5,7,17,10,0,18,19,17,16,6,6,6,6],
    "vertices":[3.41342,2.58243,4.07557,4.21499,2.58243,4.14182,5.01656,2.58243,4.20807,5.01656,3.92294,4.20807,4.21499,3.92294,4.14182,3.41342,3.92294,4.07557,5.01656,2.74999,4.20807,3.41342,3.75537,4.07557,3.41342,2.74999,4.07557,4.21499,3.75537,4.14182,3.61381,3.92294,4.09213,4.21499,2.74999,4.14182,5.01656,3.75537,4.20807,4.81617,3.92294,4.1915,3.61381,2.58243,4.09214,4.81617,2.58243,4.19151,3.61381,2.74999,4.09214,3.61381,3.75537,4.09213,4.81617,2.74999,4.19151,4.81617,3.75537,4.1915],
    "uvs":[[1.58485e-05,4.85798e-05,0.00315906,1.61918e-05,0.00381583,0.137933,0.000476969,0.137977,0.0125727,1.66873e-05,0.0219863,1.58485e-05,0.021331,0.137933,0.0125734,0.137799,0.0251297,4.81233e-05,0.0246697,0.137977,0.0251341,0.999951,0.0219908,0.999984,0.021334,0.862067,0.0246729,0.862023,0.0125772,0.999983,0.0125766,0.862201,0.00316362,0.999984,0.00381901,0.862067,2.02549e-05,0.999952,0.000480226,0.862023]]
}